{"cameraMode":{"drawMode":0,"name":"Shaded","section":"Shading Mode"},"sceneLighting":false,"audioPlay":false,"sceneViewState":{"m_AlwaysRefresh":false,"showFog":true,"showSkybox":false,"showFlares":true,"showImageEffects":true,"showParticleSystems":true,"showVisualEffectGraphs":true,"m_FxEnabled":true},"in2DMode":false,"pivot":{"x":99.21726989746094,"y":0.5360774993896484,"z":47.4373779296875},"rotation":{"x":0.3234599828720093,"y":-0.008517039008438588,"z":0.0029118256643414499,"w":0.9461936950683594},"size":5.068283557891846,"orthographic":false}