{"cameraMode":{"drawMode":0,"name":"Shaded","section":"Shading Mode"},"sceneLighting":false,"audioPlay":false,"sceneViewState":{"m_AlwaysRefresh":false,"showFog":true,"showSkybox":false,"showFlares":true,"showImageEffects":true,"showParticleSystems":true,"showVisualEffectGraphs":true,"m_FxEnabled":true},"in2DMode":false,"pivot":{"x":0.5090693235397339,"y":0.19136226177215577,"z":-0.6572575569152832},"rotation":{"x":0.1449410319328308,"y":-0.1785353720188141,"z":0.026599546894431115,"w":0.9728359580039978},"size":3.5682830810546877,"orthographic":false}