{"cameraMode":{"drawMode":0,"name":"Shaded","section":"Shading Mode"},"sceneLighting":false,"audioPlay":false,"sceneViewState":{"m_AlwaysRefresh":false,"showFog":true,"showSkybox":false,"showFlares":true,"showImageEffects":true,"showParticleSystems":true,"showVisualEffectGraphs":true,"m_FxEnabled":true},"in2DMode":false,"pivot":{"x":0.06439067423343659,"y":0.251869261264801,"z":0.04639488458633423},"rotation":{"x":0.0784439742565155,"y":-0.0970437079668045,"z":0.007672556210309267,"w":0.9921544194221497},"size":0.40620192885398867,"orthographic":false}