{"cameraMode":{"drawMode":0,"name":"Shaded","section":"Shading Mode"},"sceneLighting":false,"audioPlay":false,"sceneViewState":{"m_AlwaysRefresh":false,"showFog":true,"showSkybox":false,"showFlares":true,"showImageEffects":true,"showParticleSystems":true,"showVisualEffectGraphs":true,"m_FxEnabled":true},"in2DMode":false,"pivot":{"x":100.90203094482422,"y":-0.8011074066162109,"z":48.44910430908203},"rotation":{"x":0.31072941422462466,"y":-0.12639202177524568,"z":0.041733093559741977,"w":0.9411275386810303},"size":6.742519855499268,"orthographic":false}