{"cameraMode":{"drawMode":0,"name":"Shaded","section":"Shading Mode"},"sceneLighting":false,"audioPlay":false,"sceneViewState":{"m_AlwaysRefresh":false,"showFog":true,"showSkybox":false,"showFlares":true,"showImageEffects":true,"showParticleSystems":true,"showVisualEffectGraphs":true,"m_FxEnabled":true},"in2DMode":false,"pivot":{"x":0.5544565916061401,"y":1.4155902862548829,"z":0.028600692749023439},"rotation":{"x":0.15920840203762055,"y":-0.011847698129713536,"z":0.0019105842802673579,"w":0.9871731400489807},"size":14.193838119506836,"orthographic":false}