{"cameraMode":{"drawMode":0,"name":"Shaded","section":"Shading Mode"},"sceneLighting":false,"audioPlay":false,"sceneViewState":{"m_AlwaysRefresh":false,"showFog":true,"showSkybox":false,"showFlares":true,"showImageEffects":true,"showParticleSystems":true,"showVisualEffectGraphs":true,"m_FxEnabled":true},"in2DMode":false,"pivot":{"x":0.37386101484298708,"y":1.7710342407226563,"z":0.1116330623626709},"rotation":{"x":0.212167888879776,"y":-0.0307780709117651,"z":0.006685670465230942,"w":0.9767272472381592},"size":6.568284511566162,"orthographic":false}