{"cameraMode":{"drawMode":0,"name":"Shaded","section":"Shading Mode"},"sceneLighting":false,"audioPlay":false,"sceneViewState":{"m_AlwaysRefresh":false,"showFog":true,"showSkybox":false,"showFlares":true,"showImageEffects":true,"showParticleSystems":true,"showVisualEffectGraphs":true,"m_FxEnabled":true},"in2DMode":false,"pivot":{"x":0.8923843502998352,"y":1.1138324737548829,"z":0.9408063888549805},"rotation":{"x":0.15920501947402955,"y":-0.013328306376934052,"z":0.0021495886612683536,"w":0.9871526956558228},"size":7.8824872970581059,"orthographic":false}